mysql> SELECT sid, name, birthday FROM Students;
+------+-----------+---------------------+
| sid  | name      | birthday            |
+------+-----------+---------------------+
| S001 | 陳會安    | 1967-09-03 00:00:00 |
| S002 | 江小魚    | 1978-02-02 00:00:00 |
| S003 | 張三丰    | 1982-03-03 00:00:00 |
| S004 | 李四方    | 1981-04-04 00:00:00 |
| s073 | 錢昱名    | 1999-01-01 00:00:00 |
+------+-----------+---------------------+
5 rows in set (0.00 sec)

mysql> SELECT DISTINCT credits FROM Courses;
+---------+
| credits |
+---------+
|       4 |
|       3 |
|       2 |
+---------+
3 rows in set (0.00 sec)

mysql> SELECT sid AS 學號, name AS 姓名, birthday AS 生日 FROM Students;
+--------+-----------+---------------------+
| 學號   | 姓名      | 生日                |
+--------+-----------+---------------------+
| S001   | 陳會安    | 1967-09-03 00:00:00 |
| S002   | 江小魚    | 1978-02-02 00:00:00 |
| S003   | 張三丰    | 1982-03-03 00:00:00 |
| S004   | 李四方    | 1981-04-04 00:00:00 |
| s073   | 錢昱名    | 1999-01-01 00:00:00 |
+--------+-----------+---------------------+
5 rows in set (0.00 sec)

mysql> SELECT sid AS S_No, name AS StudentName, tel AS Telephone FROM Students;
+------+-------------+-------------+
| S_No | StudentName | Telephone   |
+------+-------------+-------------+
| S001 | 陳會安      | 02-22222222 |
| S002 | 江小魚      | 03-33333333 |
| S003 | 張三丰      | 04-44444444 |
| S004 | 李四方      | 05-55555555 |
| s073 | 錢昱名      | 0912345678  |
+------+-------------+-------------+
5 rows in set (0.00 sec)

mysql> SELECT * FROM Students WHERE sid='S002';
+------+-----------+-------------+---------------------+------+
| sid  | name      | tel         | birthday            | GPA  |
+------+-----------+-------------+---------------------+------+
| S002 | 江小魚    | 03-33333333 | 1978-02-02 00:00:00 |    3 |
+------+-----------+-------------+---------------------+------+
1 row in set (0.00 sec)

mysql> SELECT * FROM Students WHERE sid<>'S002';
+------+-----------+-------------+---------------------+------+
| sid  | name      | tel         | birthday            | GPA  |
+------+-----------+-------------+---------------------+------+
| S001 | 陳會安    | 02-22222222 | 1967-09-03 00:00:00 |  3.7 |
| S003 | 張三丰    | 04-44444444 | 1982-03-03 00:00:00 |  3.2 |
| S004 | 李四方    | 05-55555555 | 1981-04-04 00:00:00 |  2.9 |
| s073 | 錢昱名    | 0912345678  | 1999-01-01 00:00:00 |  3.5 |
+------+-----------+-------------+---------------------+------+
4 rows in set (0.00 sec)

mysql> SELECT * FROM Students WHERE GPA=3.0;
+------+-----------+-------------+---------------------+------+
| sid  | name      | tel         | birthday            | GPA  |
+------+-----------+-------------+---------------------+------+
| S002 | 江小魚    | 03-33333333 | 1978-02-02 00:00:00 |    3 |
+------+-----------+-------------+---------------------+------+
1 row in set (0.00 sec)

mysql> SELECT * FROM Students WHERE GPA<=3.0;
+------+-----------+-------------+---------------------+------+
| sid  | name      | tel         | birthday            | GPA  |
+------+-----------+-------------+---------------------+------+
| S002 | 江小魚    | 03-33333333 | 1978-02-02 00:00:00 |    3 |
| S004 | 李四方    | 05-55555555 | 1981-04-04 00:00:00 |  2.9 |
+------+-----------+-------------+---------------------+------+
2 rows in set (0.00 sec)

mysql> SELECT * FROM Students WHERE birthday='1978-02-02';
+------+-----------+-------------+---------------------+------+
| sid  | name      | tel         | birthday            | GPA  |
+------+-----------+-------------+---------------------+------+
| S002 | 江小魚    | 03-33333333 | 1978-02-02 00:00:00 |    3 |
+------+-----------+-------------+---------------------+------+
1 row in set (0.00 sec)

mysql> SELECT * FROM Students WHERE birthday<='1978-02-02';
+------+-----------+-------------+---------------------+------+
| sid  | name      | tel         | birthday            | GPA  |
+------+-----------+-------------+---------------------+------+
| S001 | 陳會安    | 02-22222222 | 1967-09-03 00:00:00 |  3.7 |
| S002 | 江小魚    | 03-33333333 | 1978-02-02 00:00:00 |    3 |
+------+-----------+-------------+---------------------+------+
2 rows in set (0.00 sec)

mysql> SELECT * FROM Instructors WHERE department LIKE '%S%';
+------+-----------+-----------+------------+
| eid  | name      | rank      | department |
+------+-----------+-----------+------------+
| E001 | 陳慶新    | 教授      | CS         |
| E002 | 楊金欉    | 副教授    | CIS        |
+------+-----------+-----------+------------+
2 rows in set (0.00 sec)

mysql> SELECT eid, sid, c_no, time, room FROM Classes WHERE room LIKE '%2__-%';
+------+------+-------+---------------------+-------+
| eid  | sid  | c_no  | time                | room  |
+------+------+-------+---------------------+-------+
| E002 | S003 | CS121 | 2008-00-00 00:00:00 | 221-S |
| E003 | S001 | CS203 | 2010-00-00 00:00:00 | 221-S |
+------+------+-------+---------------------+-------+
2 rows in set (0.00 sec)

mysql> SELECT * FROM Students WHERE tel IS NULL;
Empty set (0.00 sec)

mysql> SELECT title FROM Courses WHERE EXISTS (SELECT c_no FROM Classes WHERE Courses.c_no = Classes.c_no);
+--------------------------+
| title                    |
+--------------------------+
| 計算檮概論               |
| 離散數學                 |
| 程式語言                 |
| 物件導向程式設計         |
| 資料庫管理系統           |
+--------------------------+
5 rows in set (0.00 sec)

mysql> SELECT * FROM Students WHERE birthday BETWEEN '1978-01-01' AND '2000-12-31';
+------+-----------+-------------+---------------------+------+
| sid  | name      | tel         | birthday            | GPA  |
+------+-----------+-------------+---------------------+------+
| S002 | 江小魚    | 03-33333333 | 1978-02-02 00:00:00 |    3 |
| S003 | 張三丰    | 04-44444444 | 1982-03-03 00:00:00 |  3.2 |
| S004 | 李四方    | 05-55555555 | 1981-04-04 00:00:00 |  2.9 |
| s073 | 錢昱名    | 0912345678  | 1999-01-01 00:00:00 |  3.5 |
+------+-----------+-------------+---------------------+------+
4 rows in set (0.00 sec)

mysql> SELECT * FROM Courses WHERE credits BETWEEN 2 AND 3;
+-------+--------------------------+---------+
| c_no  | title                    | credits |
+-------+--------------------------+---------+
| CS203 | 程式語言                 |       3 |
| CS213 | 物件導向程式設計         |       2 |
| CS222 | 資料庫管理系統           |       3 |
+-------+--------------------------+---------+
3 rows in set (0.00 sec)

mysql> SELECT * FROM Courses WHERE c_no IN ('CS101', 'CS222', 'CS100', 'CS213');
+-------+--------------------------+---------+
| c_no  | title                    | credits |
+-------+--------------------------+---------+
| CS101 | 計算檮概論               |       4 |
| CS213 | 物件導向程式設計         |       2 |
| CS222 | 資料庫管理系統           |       3 |
+-------+--------------------------+---------+
3 rows in set (0.00 sec)

mysql> SELECT * FROM Courses WHERE credits IN (3, 4);
+-------+-----------------------+---------+
| c_no  | title                 | credits |
+-------+-----------------------+---------+
| CS101 | 計算檮概論            |       4 |
| CS121 | 離散數學              |       4 |
| CS203 | 程式語言              |       3 |
| CS222 | 資料庫管理系統        |       3 |
+-------+-----------------------+---------+
4 rows in set (0.00 sec)

mysql> SELECT * FROM Courses WHERE c_no NOT IN ('CS101', 'CS222', 'CS100', 'CS213');
+-------+--------------+---------+
| c_no  | title        | credits |
+-------+--------------+---------+
| CS121 | 離散數學     |       4 |
| CS203 | 程式語言     |       3 |
+-------+--------------+---------+
2 rows in set (0.00 sec)

mysql> SELECT * FROM Courses WHERE c_no LIKE '%1%' AND title LIKE '%程式%';
+-------+--------------------------+---------+
| c_no  | title                    | credits |
+-------+--------------------------+---------+
| CS213 | 物件導向程式設計         |       2 |
+-------+--------------------------+---------+
1 row in set (0.00 sec)

mysql> SELECT * FROM Courses WHERE c_no LIKE '%1%' OR title LIKE '%程式%';
+-------+--------------------------+---------+
| c_no  | title                    | credits |
+-------+--------------------------+---------+
| CS101 | 計算檮概論               |       4 |
| CS121 | 離散數學                 |       4 |
| CS203 | 程式語言                 |       3 |
| CS213 | 物件導向程式設計         |       2 |
+-------+--------------------------+---------+
4 rows in set (0.00 sec)

mysql> SELECT c_no, title, credits + 1 AS NewCredits FROM Courses WHERE credits < 4;
+-------+--------------------------+------------+
| c_no  | title                    | NewCredits |
+-------+--------------------------+------------+
| CS203 | 程式語言                 |          4 |
| CS213 | 物件導向程式設計         |          3 |
| CS222 | 資料庫管理系統           |          4 |
+-------+--------------------------+------------+
3 rows in set (0.00 sec)

mysql> SELECT sid, name, birthday, tel FROM Students WHERE GPA < (10.0 / 3.0);
+------+-----------+---------------------+-------------+
| sid  | name      | birthday            | tel         |
+------+-----------+---------------------+-------------+
| S002 | 江小魚    | 1978-02-02 00:00:00 | 03-33333333 |
| S003 | 張三丰    | 1982-03-03 00:00:00 | 04-44444444 |
| S004 | 李四方    | 1981-04-04 00:00:00 | 05-55555555 |
+------+-----------+---------------------+-------------+
3 rows in set (0.00 sec)

mysql> SELECT COUNT(*) FROM Students;
+----------+
| COUNT(*) |
+----------+
|        5 |
+----------+
1 row in set (0.00 sec)

mysql> SELECT COUNT(name) FROM Students;
+-------------+
| COUNT(name) |
+-------------+
|           5 |
+-------------+
1 row in set (0.00 sec)

mysql> SELECT COUNT(*) FROM Students WHERE GPA > 3.0;
+----------+
| COUNT(*) |
+----------+
|        3 |
+----------+
1 row in set (0.00 sec)

mysql> SELECT ROUND(AVG(GPA), 2) FROM Students;
+--------------------+
| ROUND(AVG(GPA), 2) |
+--------------------+
|               3.26 |
+--------------------+
1 row in set (0.00 sec)

mysql> SELECT COUNT(*), ROUND(AVG(credits),2) FROM Courses WHERE c_no LIKE '%1%';
+----------+-----------------------+
| COUNT(*) | ROUND(AVG(credits),2) |
+----------+-----------------------+
|        3 |                  3.33 |
+----------+-----------------------+
1 row in set (0.00 sec)

mysql> SELECT ROUND(MAX(GPA),2) FROM Students;
+-------------------+
| ROUND(MAX(GPA),2) |
+-------------------+
|              3.70 |
+-------------------+
1 row in set (0.00 sec)

mysql> SELECT MAX(credits) AS 最大值 FROM Courses WHERE c_no LIKE '%1%';
+-----------+
| 最大值    |
+-----------+
|         4 |
+-----------+
1 row in set (0.00 sec)

mysql> SELECT ROUND(MIN(GPA),2) FROM Students;
+-------------------+
| ROUND(MIN(GPA),2) |
+-------------------+
|              2.90 |
+-------------------+
1 row in set (0.00 sec)

mysql> SELECT ROUND(MIN(credits),2) FROM Courses WHERE c_no LIKE '%1%';
+-----------------------+
| ROUND(MIN(credits),2) |
+-----------------------+
|                     2 |
+-----------------------+
1 row in set (0.00 sec)

mysql> SELECT SUM(GPA), ROUND(SUM(GPA)/COUNT(*),2) FROM Students;
+--------------------+----------------------------+
| SUM(GPA)           | ROUND(SUM(GPA)/COUNT(*),2) |
+--------------------+----------------------------+
| 16.300000190734863 |                       3.26 |
+--------------------+----------------------------+
1 row in set (0.00 sec)

mysql> SELECT SUM(credits) FROM Courses WHERE c_no LIKE '%1%';
+--------------+
| SUM(credits) |
+--------------+
|           10 |
+--------------+
1 row in set (0.00 sec)

mysql> SELECT c_no, COUNT(*) FROM Classes GROUP BY c_no;
+-------+----------+
| c_no  | COUNT(*) |
+-------+----------+
| CS101 |        1 |
| CS121 |        1 |
| CS203 |        2 |
| CS213 |        2 |
| CS222 |        3 |
+-------+----------+
5 rows in set (0.00 sec)

mysql> SELECT room, COUNT(*) FROM Classes GROUP BY room;
+-------+----------+
| room  | COUNT(*) |
+-------+----------+
| 100-M |        3 |
| 180-M |        1 |
| 221-S |        2 |
| 327-S |        1 |
| 500-K |        1 |
| 622-G |        1 |
+-------+----------+
6 rows in set (0.00 sec)

mysql> SELECT c_no, COUNT(*) FROM Classes WHERE c_no = 'CS222' GROUP BY c_no;
+-------+----------+
| c_no  | COUNT(*) |
+-------+----------+
| CS222 |        3 |
+-------+----------+
1 row in set (0.00 sec)

mysql> SELECT sid, c_no FROM Classes GROUP BY c_no, sid HAVING sid = 'S001';
+------+-------+
| sid  | c_no  |
+------+-------+
| S001 | CS101 |
| S001 | CS203 |
| S001 | CS213 |
| S001 | CS222 |
+------+-------+
4 rows in set (0.00 sec)

mysql> SELECT c_no, COUNT(*) FROM Classes GROUP BY c_no HAVING COUNT(*) >= 2;
+-------+----------+
| c_no  | COUNT(*) |
+-------+----------+
| CS203 |        2 |
| CS213 |        2 |
| CS222 |        3 |
+-------+----------+
3 rows in set (0.00 sec)

mysql> SELECT * FROM Students WHERE GPA >= 3.0 ORDER BY GPA ASC;
+------+-----------+-------------+---------------------+------+
| sid  | name      | tel         | birthday            | GPA  |
+------+-----------+-------------+---------------------+------+
| S002 | 江小魚    | 03-33333333 | 1978-02-02 00:00:00 |    3 |
| S003 | 張三丰    | 04-44444444 | 1982-03-03 00:00:00 |  3.2 |
| s073 | 錢昱名    | 0912345678  | 1999-01-01 00:00:00 |  3.5 |
| S001 | 陳會安    | 02-22222222 | 1967-09-03 00:00:00 |  3.7 |
+------+-----------+-------------+---------------------+------+
4 rows in set (0.00 sec)

mysql> SELECT * FROM Students WHERE GPA >= 3.0 ORDER BY GPA DESC;
+------+-----------+-------------+---------------------+------+
| sid  | name      | tel         | birthday            | GPA  |
+------+-----------+-------------+---------------------+------+
| S001 | 陳會安    | 02-22222222 | 1967-09-03 00:00:00 |  3.7 |
| s073 | 錢昱名    | 0912345678  | 1999-01-01 00:00:00 |  3.5 |
| S003 | 張三丰    | 04-44444444 | 1982-03-03 00:00:00 |  3.2 |
| S002 | 江小魚    | 03-33333333 | 1978-02-02 00:00:00 |    3 |
+------+-----------+-------------+---------------------+------+
4 rows in set (0.00 sec)